borough,neighborhood,latitude,longitude,studio_2021,br_1_2021,br_2_2021,no_of_school,no_of_hospital,no_of_restaurant,no_of_bank,no_of_bar,no_of_busstation,no_of_cafe,criminal_rate,population_2020
Bronx,Allerton,40.865787878,-73.8593186322,1450,1625,1800,1,0,2,0,0,1,0, 2704,34623
Staten Island,Annadale,40.5381141747,-74.1785486617,1305,1450,1595,2,0,3,1,5,0,0, 173,10133
Staten Island,Arden Heights,40.5492858228,-74.1858867458,1822,2025,2250,1,0,1,1,1,0,0, 238,15341
Staten Island,Arlington,40.6353250991,-74.1651042024,2895,3295,3350,1,1,2,0,0,0,0, 959,11164
Staten Island,Arrochar,40.5963125713,-74.0671236323,1732,1925,2117,2,0,4,1,2,0,1, 433,9064
Queens,Arverne,40.5891439437,-73.7919923314,2414,2683,2951,1,0,2,1,2,0,1, 1033,13789
Queens,Astoria,40.7685085934,-73.915653743,1575,1875,2200,8,2,8,5,50,11,47, 3061,38673
Queens,Astoria Heights,40.770317393,-73.8946799627,2116,2150,2450,1,1,5,1,3,7,0, 675,25112
Queens,Auburndale,40.761729549,-73.7917624373,1795,1780,2175,5,1,5,2,26,2,12, 642,36182
Brooklyn,Bath Beach,40.5995187028,-73.9987522144,3000,1575,1825,4,1,4,1,14,6,4, 1832,33070
Manhattan,Battery Park City,40.7119319839,-74.0168693051,2200,2733,4431,4,2,5,4,39,10,39, 3336,26496
Brooklyn,Bay Ridge,40.625801065,-74.0306206935,2038,1750,2109,8,1,8,3,50,5,22, 1783,86779
Queens,Bay Terrace,40.7828428062,-73.7768022262,1950,1825,2600,2,1,3,1,2,6,3, 215,11643
Staten Island,Bay Terrace,40.5539880086,-74.1391662218,1822,2025,2250,1,0,1,1,0,0,0, 239,3749
Bronx,Baychester,40.8668581073,-73.8357975981,1650,1750,2200,2,1,4,1,2,4,1, 1382,17245
Queens,Bayside,40.7660406328,-73.7742736307,1850,1850,2300,8,0,8,2,26,6,10, 688,35588
Queens,Bayswater,40.6113216913,-73.7659678145,1755,1950,2145,1,0,1,0,0,0,0, 400,29324
Bronx,Bedford Park,40.870185165,-73.8855121842,1413,1525,2100,5,0,3,1,5,7,5, 3912,55521
Brooklyn,Bedford Stuyvesant,40.6872316077,-73.9417848869,1650,1975,2200,5,0,8,1,40,9,16, 4740,158534
Queens,Beechhurst,40.7927814036,-73.8043645172,1485,1650,1815,1,0,3,1,0,1,0, 246,104934
Manhattan,Beekman/Sutton Place,40.753385,-73.964809,2140,2897,4173,2,0,2,1,10,0,4, 3201,14172
Queens,Bellaire,40.7330140403,-73.7388919891,1119,1244,1368,2,0,5,1,3,7,1, 922,24576
Queens,Belle Harbor,40.5761555654,-73.8540175039,1530,1700,1870,1,0,1,1,0,0,0, 149,6033
Queens,Bellerose,40.7285731818,-73.7201281483,1575,1750,2200,3,0,8,1,9,2,2, 383,26566
Bronx,Belmont,40.8572771007,-73.8884519613,1485,1650,1856,2,0,2,1,7,5,2, 6228,35825
Brooklyn,Bensonhurst,40.611008902,-73.9951799838,4200,1500,1795,8,0,8,2,5,6,21, 2049,104934
Brooklyn,Bergen Beach,40.6151495505,-73.8985563363,1350,1500,1900,1,0,1,0,0,1,0, 92,15651
Queens,Blissville,40.7372507169,-73.9324423526,1440,1600,2000,1,0,3,1,1,1,0, 809,32348
Staten Island,Bloomfield,40.6057786845,-74.1872563838,1350,1500,1650,1,0,1,1,0,0,1, 73,16342
Brooklyn,Boerum Hill,40.6856829121,-73.9837482412,2446,2300,2750,1,0,1,0,0,0,0, 5921,20484
Brooklyn,Borough Park,40.6331305128,-73.9904982304,1599,1700,1873,5,2,5,3,3,2,9, 1126,133878
Queens,Breezy Point,40.5574012885,-73.9255119699,1862,3080,3692,1,0,1,0,0,0,1, 25,6033
Queens,Briarwood,40.7109354725,-73.8117482246,2500,2999,2850,5,2,5,2,18,11,5, 1574,19646
Brooklyn,Brighton Beach,40.5768250657,-73.9650944879,1438,1700,2050,5,3,8,1,8,1,15, 2004,33568
Queens,Broad Channel,40.6030265835,-73.8200548911,1750,1850,2050,1,0,2,1,3,1,1, 73,6033
Manhattan,Broadway Corridor,40.812433,-73.960534,3150,3500,4200,1,0,2,0,1,0,0, 4538,110458
Brooklyn,Broadway Junction,40.6778610477,-73.9033168485,2598,3350,4368,3,2,3,1,9,2,1, 3637,5327
Bronx,Bronxdale,40.8527229763,-73.8617257756,1465,1628,1790,1,1,1,1,1,3,1, 2048,75714
Brooklyn,Brooklyn Heights,40.6958637227,-73.993782255,1850,2600,3450,8,4,8,5,50,3,36, 3119,25092
Brooklyn,Brooklyn Navy Yard,40.702087,-73.972412,3000,3395,5345,2,0,2,0,1,0,0, 1742,16145
Queens,Brookville,40.6600032273,-73.7517531073,1822,2025,2250,1,0,1,0,1,0,0, 620,11551
Brooklyn,Brownsville,40.6639499434,-73.9102353618,1895,1650,1888,8,2,8,1,4,7,3, 6060,60470
Staten Island,Bulls Head,40.6095918004,-74.1594094866,990,1100,1475,4,0,5,1,3,0,2, 348,10717
Brooklyn,Bushwick,40.6981161102,-73.9252579749,1731,2150,2100,8,1,8,1,50,10,38, 4915,120741
Staten Island,Butler Manor,40.5060816535,-74.2295035026,2175,1500,2000,1,0,1,0,0,0,0, 106,1835
Queens,Cambria Heights,40.6927746392,-73.7352687371,1800,1800,2100,2,0,5,1,5,3,0, 635,19081
Brooklyn,Canarsie,40.635564328,-73.9020926978,2000,1500,1950,8,1,8,1,3,0,2, 1577,89932
Manhattan,Carnegie Hill,40.7826825671,-73.9532564684,1845,2612,4437,3,1,2,1,9,0,1, 4740,31205
Brooklyn,Carroll Gardens,40.6805402311,-73.9946537283,2175,2400,3000,4,0,3,1,23,0,7, 1943,14791
Bronx,Castle Hill,40.819014377,-73.8480272958,1863,2070,2300,1,0,4,1,1,0,0, 1348,41420
Staten Island,Castleton Corners,40.6133359377,-74.1191805853,1134,1260,1400,2,1,8,2,6,0,0, 363,15729
Manhattan,Central Harlem,40.8159760674,-73.943211126,2300,2647,2400,3,2,3,2,30,6,5, 9038,136351
Manhattan,Central Park,40.765215,-73.979667,2400,3623,3325,4,0,8,2,37,5,19, 609,45498
Staten Island,Charleston,40.5305314828,-74.232157759,2693,2992,3325,1,0,4,1,8,0,4, 132,8044
Manhattan,Chelsea,40.7440347067,-74.0031163347,2323,3125,4959,8,4,5,8,49,12,50, 5339,69741
Staten Island,Chelsea,40.5947260275,-74.1895604552,2175,1500,2000,1,0,2,0,2,1,1, 160,3006
Manhattan,Chinatown,40.7156184223,-73.9942793626,3000,2850,2200,8,3,8,8,50,21,50, 8126,42556
Bronx,City Island,40.8472467049,-73.7864884527,1440,1600,2350,1,0,5,1,6,5,2, 141,9820
Brooklyn,City Line,40.6785699573,-73.8679759808,2772,3080,3388,1,0,3,1,8,1,2, 3000,22779
Manhattan,Civic Center,40.7152289205,-74.0054152987,2288,3000,3690,1,0,1,1,3,0,3, 6267,12695
Bronx,Claremont Village,40.8314283416,-73.9011990339,1575,1750,1925,3,0,4,1,1,2,0, 6267,12276
Bronx,Clason Point,40.80655112,-73.8541441619,1700,1700,2100,1,0,2,0,2,1,0, 294,18648
Queens,Clearview,40.779985,-73.796978,1900,1500,2300,8,1,8,4,45,18,35, 2072,11643
Staten Island,Clifton,40.619178452,-74.0726424455,1590,1767,1943,0,0,1,0,0,0,0, 1240,6342
Manhattan,Clinton,40.7591008915,-73.9961193631,2970,3300,3630,5,3,8,5,48,50,50, 8392,46648
Brooklyn,Clinton Hill,40.6932294219,-73.9678430622,1800,2300,2950,3,0,2,0,28,3,5, 2691,28647
Bronx,Co-op City,40.874294193,-73.8299391081,1457,2400,2700,4,1,8,2,5,7,0, 1470,37369
Brooklyn,Cobble Hill,40.6879197225,-73.9985613922,1512,1680,1900,4,0,3,1,27,1,7, 1872,14791
Queens,College Point,40.7849027493,-73.843045289,1170,1300,1900,2,1,8,1,23,3,1, 1156,33625
Staten Island,Concord,40.6044731897,-74.0840236474,1750,1650,2000,0,0,1,0,0,0,0, 824,8316
Bronx,Concourse,40.8342838073,-73.9155894177,2250,1700,2195,3,0,3,1,3,7,3, 7832,34693
Bronx,Concourse Village,40.8247804908,-73.9158465276,1500,2250,2400,3,0,3,1,8,3,1, 7720,34693
Brooklyn,Coney Island,40.5742925647,-73.9886829582,1275,1417,1575,2,1,8,1,12,3,4, 2237,24758
Queens,Corona,40.7423817502,-73.8568249735,1759,1600,1950,4,0,8,1,9,10,10, 2743,73822
Bronx,Country Club,40.8442459369,-73.8240992675,1620,1800,2000,3,0,8,1,11,4,3, 859,9820
Bronx,Crotona Park East,40.83656,-73.893348,1575,1750,1925,2,0,2,0,1,1,0, 5132,30158
Brooklyn,Crown Heights,40.670829177,-73.9432911907,1945,1850,2200,8,2,8,1,32,4,18, 4006,118623
Brooklyn,Cypress Hills,40.6823910114,-73.8766159646,1710,1900,1993,4,0,8,1,12,1,8, 2474,43256
Brooklyn,Ditmas Park,40.6436751833,-73.9610131247,2772,3080,3388,1,0,1,1,0,0,0, 3891,21508
Staten Island,Dongan Hills,40.5886729482,-74.0963990531,1170,1300,1800,2,0,4,1,5,0,5, 580,9064
Queens,Douglaston,40.7668460979,-73.7424982073,2310,2058,2645,1,0,2,0,1,0,0, 175,12631
Brooklyn,Downtown,40.6908440211,-73.9834633743,2546,3150,4057,1,0,2,1,14,2,2, 6117,20484
Brooklyn,Dumbo,40.7031763282,-73.9887528075,2300,3386,5895,1,0,1,0,6,0,0, 1730,20484
Brooklyn,Dyker Heights,40.6192194577,-74.0193137564,2700,1550,1900,4,2,4,1,13,2,1, 1167,46756
Queens,East Elmhurst,40.7640732388,-73.8670414766,1530,1700,2000,3,0,8,1,22,7,9, 1503,33573
Brooklyn,East Flatbush,40.6417177667,-73.9361025619,1600,1725,1950,4,0,5,1,11,1,4, 1807,99101
Manhattan,East Harlem,40.7922494666,-73.9441822315,1575,2000,2300,8,5,8,3,40,14,31, 8068,124469
Brooklyn,East New York,40.6699257008,-73.8806986392,1850,1750,1995,4,0,5,0,4,3,0, 4232,118401
Bronx,East Tremont,40.8426961579,-73.8873561753,1458,1620,1800,8,1,8,1,8,6,3, 4981,34453
Manhattan,East Village,40.7278467773,-73.9822261651,1563,2425,2933,4,4,5,3,39,11,42, 7624,71436
Brooklyn,East Williamsburg,40.7084924104,-73.9388581527,3162,3514,3865,5,2,5,1,42,4,21, 3614,52998
Bronx,Eastchester,40.8875556774,-73.8278064472,1548,1720,1892,1,0,5,1,6,7,1, 905,17245
Bronx,Edenwald,40.884561303,-73.8480827188,1548,1720,1892,2,0,3,0,4,4,0, 3025,17245
Queens,Edgemere,40.5956418074,-73.7761328239,2414,2683,2951,2,1,2,0,0,2,0, 1029,13789
Bronx,Edgewater Park,40.8219861182,-73.8138851443,1548,1720,1892,1,0,1,0,0,0,0, 793,8930
Staten Island,Egbertville,40.579118743,-74.127272406,1350,1500,1750,0,0,1,0,0,0,0, 138,15721
Staten Island,Elm Park,40.6301467412,-74.1418167897,1350,1500,1750,0,0,0,0,0,0,0, 1411,18037
Queens,Elmhurst,40.7440485051,-73.8816562229,1823,1800,2236,3,0,3,1,17,6,7, 4456,107864
Staten Island,Eltingville,40.5422307475,-74.1643308042,1170,1300,1800,2,0,4,1,3,0,0, 296,27349
Staten Island,Emerson Hill,40.6067943948,-74.0977620697,1350,1500,1750,0,0,1,0,0,0,0, 325,8205
Brooklyn,Erasmus,40.6469260666,-73.9481770992,2772,3080,3388,3,0,3,1,7,1,3, 4161,23845
Queens,Far Rockaway,40.6031344325,-73.7549796804,2195,1775,2160,5,2,8,1,0,2,1, 2529,29324
Bronx,Fieldston,40.8954374269,-73.9056425959,1548,1720,1892,4,0,8,1,15,5,2, 465,22422
Manhattan,Financial District,40.7071071073,-74.0106654452,1618,3027,3650,2,2,3,2,21,2,17, 3854,26496
Brooklyn,Flatbush,40.6363258903,-73.9584010653,4098,1800,2117,8,1,8,2,26,12,11, 2874,44995
Manhattan,Flatiron,40.7396730476,-73.9909471053,2200,5483,9295,1,0,1,1,1,2,2, 8867,16607
Brooklyn,Flatlands,40.6304460438,-73.9291130264,1600,1600,2000,2,1,5,1,8,1,3, 1753,67087
Queens,Floral Park,40.7413784219,-73.7088470589,1863,2070,2300,1,0,3,1,7,1,0, 443,11682
Queens,Flushing,40.764454197,-73.8317730033,1650,1750,2150,8,1,8,8,50,17,27, 3102,69879
Bronx,Fordham,40.8609967964,-73.8964265598,1575,1650,2025,4,2,4,2,20,9,12, 8272,23269
Queens,Forest Hills,40.7252637822,-73.8444750079,1450,1900,2300,8,3,8,3,25,6,3, 1780,88965
Queens,Forest Hills Gardens,40.7146110815,-73.8410221123,2200,1700,2000,4,0,3,1,12,4,1, 1360,73034
Brooklyn,Fort Greene,40.6885272602,-73.9729057437,947,2500,3000,5,4,5,3,42,12,27, 4865,32938
Brooklyn,Fort Hamilton,40.6147681269,-74.0319791454,3015,3350,5595,2,1,3,1,3,2,0, 1033,3528
Staten Island,Fox Hills,40.6173107925,-74.0817399221,2923,1550,1750,0,0,0,0,0,0,0, 1610,6342
Bronx,Foxhurst,40.825558,-73.892691,1548,1720,1892,2,0,2,0,3,2,0, 5812,48780
Queens,Fresh Meadows,40.7343944653,-73.78271337,1575,1750,2200,3,1,8,1,4,9,3, 572,23434
Brooklyn,Fulton Ferry,40.7032810909,-73.9955075189,1850,2600,3450,3,0,4,2,31,0,23, 1518,12367
Manhattan,Garment District,40.753735,-73.990759,1400,3175,4000,1,0,1,1,0,0,1, 13024,4769
Brooklyn,Georgetown,40.6238452448,-73.9160748395,1485,1650,2049,3,0,4,1,5,1,1, 1051,93534
Brooklyn,Gerritsen Beach,40.5908484339,-73.9301017069,1296,1440,2600,2,0,4,1,3,2,3, 799,23028
Queens,Glen Oaks,40.7494407997,-73.71548119,1564,1738,2000,2,4,5,1,5,4,3, 401,11682
Queens,Glendale,40.7027624297,-73.8707416744,2000,1675,2000,2,0,8,1,8,5,3, 575,35135
Brooklyn,Gowanus,40.6739311432,-73.9944408715,2400,2000,2350,3,0,3,2,22,1,12, 1749,14791
Manhattan,Gramercy,40.7372098327,-73.9813759483,5800,3398,3630,4,3,3,5,27,9,32, 6467,28628
Staten Island,Graniteville,40.6201715122,-74.1531524639,1485,1650,1850,2,1,3,1,1,0,1, 1013,11164
Staten Island,Grant City,40.5762155871,-74.1058559855,1530,1700,1900,1,0,2,0,1,0,1, 734,53877
Staten Island,Grasmere,40.5982683596,-74.0766743628,1350,1500,1750,1,0,3,1,1,0,0, 661,9064
Brooklyn,Gravesend,40.5952600131,-73.9734708771,2350,1600,1838,4,0,8,2,12,4,13, 1172,117297
Staten Island,Great Kills,40.5494802287,-74.1493238149,1260,1400,1750,3,0,8,1,10,0,1, 336,27921
Brooklyn,Greenpoint,40.7302009849,-73.9542409313,2300,2400,2550,5,0,8,2,50,5,28, 1523,38980
Staten Island,Greenridge,40.5552952362,-74.1707941479,1350,1500,1750,1,0,3,0,1,1,0, 365,8847
Manhattan,Greenwich Village,40.7269328854,-73.9999140295,2100,3495,4500,5,0,5,5,39,11,39, 7627,34147
Brooklyn,Greenwood Heights,40.657649,-73.997425,2012,1900,2100,5,0,5,1,40,1,11, 1267,39475
Staten Island,Grymes Hill,40.6241847913,-74.0872481998,1350,1500,1750,3,0,2,1,2,0,0, 1080,12337
Manhattan,Hamilton Heights,40.8236042848,-73.9496879188,1593,1694,2071,8,1,8,2,45,12,19, 6734,49410
Queens,Hammels,40.5873377402,-73.8055300297,2839,1700,2000,1,0,2,0,0,1,0, 1026,13000
Staten Island,Heartland Village,40.5891389488,-74.1590220816,1600,2742,3900,1,0,2,1,0,0,0, 535,89792
Manhattan,Hell's Kitchen,40.762535,-73.993621,3410,3790,5500,0,0,0,0,0,0,0, 8211,59524
Bronx,High  Bridge,40.8366230107,-73.9261020936,1350,1725,1900,5,2,5,1,22,7,4, 5927,32456
Brooklyn,Highland Park,40.6819989345,-73.8903457099,1750,1935,2150,1,0,4,1,1,0,1, 1704,33030
Queens,Hillcrest,40.7238249018,-73.7976030091,1485,1650,2100,2,1,5,1,0,8,2, 513,17834
Queens,Hollis,40.7112434419,-73.7592500934,1440,1600,2000,3,0,8,1,8,1,1, 1196,24576
Queens,Holliswood,40.7209572076,-73.7671416671,1705,1895,1852,2,2,4,1,1,4,0, 700,11788
Brooklyn,Homecrest,40.5985250951,-73.9591845943,1462,1625,1787,5,1,5,2,15,5,9, 1518,26389
Queens,Howard Beach,40.6542252774,-73.838137646,1600,1675,2200,1,0,8,1,7,3,5, 397,13660
Staten Island,Howland Hook,40.6384328379,-74.1862233175,1350,1500,1750,0,0,1,0,2,0,0, 9,1073
Manhattan,Hudson Yards,40.7566580823,-74.000111362,3500,3850,5120,2,0,3,2,15,5,9, 6452,7762
Staten Island,Huguenot,40.5319119205,-74.1917410575,1200,1350,1500,1,0,1,1,1,0,0, 149,10133
Queens,Hunters Point,40.7434140901,-73.9538678213,2520,2800,3080,5,1,5,1,30,3,14, 1324,16108
Bronx,Hunts Point,40.8097298794,-73.8833150596,1215,1350,1500,1,0,5,1,2,0,1, 744,15131
Manhattan,Inwood,40.8676839645,-73.921210422,1575,1733,2100,5,1,5,2,48,4,6, 2624,36299
Queens,Jackson Heights,40.7519813801,-73.8828210916,1600,1800,2150,5,3,5,3,46,6,25, 5276,101848
Queens,Jamaica Center,40.7046573607,-73.7969016589,1575,1815,2200,5,2,5,2,12,19,5, 3919,61026
Queens,Jamaica Estates,40.7168048301,-73.7872269694,1375,1738,2350,5,0,5,1,7,2,0, 1176,11788
Queens,Jamaica Hills,40.7114596437,-73.7964646208,1500,1600,2300,2,0,1,0,0,0,0, 3386,19646
Brooklyn,Kensington,40.642381958,-73.9804211056,1450,1675,2123,8,1,5,2,15,6,10, 1444,41758
Queens,Kew Gardens,40.7051790354,-73.8298190583,1450,1800,2125,5,0,8,2,18,7,8, 1515,24371
Queens,Kew Gardens Hills,40.7225782442,-73.8208776493,1500,1699,2100,5,0,8,2,5,9,4, 878,36009
Bronx,Kingsbridge,40.8816873712,-73.9028179872,2150,1700,2198,4,1,4,2,24,5,2, 3370,11403
Bronx,Kingsbridge Heights,40.8703923914,-73.9015226451,1548,1720,1892,2,1,3,0,1,5,1, 4976,17888
Manhattan,Kips Bay,40.741068,-73.977322,2125,2698,3646,1,0,2,2,11,0,9, 4612,31760
Queens,Laurelton,40.6678838966,-73.7402560799,3098,1600,2000,3,0,3,1,5,1,1, 745,26088
Queens,Lefrak City,40.7360745708,-73.8625247141,1450,1900,2300,2,1,3,1,3,3,4, 3380,91510
Manhattan,Lenox Hill,40.7681126583,-73.9588596881,1852,2621,4084,3,2,2,3,19,10,22, 4030,28509
Staten Island,Lighthouse Hill,40.5765062938,-74.1379266377,1350,1500,1750,0,0,0,0,0,0,0, 93,8205
Manhattan,Lincoln Square,40.7735288894,-73.98533777,2129,3226,5187,5,1,5,5,44,19,44, 4300,35348
Queens,Lindenwood,40.6639184193,-73.849637824,1710,1100,1225,2,0,4,1,0,0,2, 688,13660
Manhattan,Little Italy,40.719323794,-73.9973046721,1971,2250,3850,1,0,1,2,0,0,3, 8563,7762
Queens,Little Neck,40.7708261928,-73.7388977558,1687,1875,3275,4,0,8,1,11,2,6, 169,12631
Queens,Long Island City,40.7502173461,-73.9392022392,2275,2500,3300,8,2,8,3,41,12,24, 2753,16108
Bronx,Longwood,40.8150990455,-73.8957882009,1548,1720,1892,4,1,4,1,8,4,5, 4532,40289
Manhattan,Lower East Side,40.7178067489,-73.98089032,1595,2375,3195,4,1,2,1,5,1,10, 7800,49149
Brooklyn,Madison,40.6093777011,-73.9484151533,889,1039,1211,3,0,4,0,3,4,0, 1080,41465
Queens,Malba,40.7906015567,-73.8266775714,1800,1999,2150,2,0,2,0,0,2,0, 219,18693
Brooklyn,Manhattan Beach,40.5779135031,-73.9435372289,2000,1775,2250,4,1,4,0,1,0,1, 348,23028
Brooklyn,Manhattan Terrace,40.6144325134,-73.9574384056,2546,3150,4057,8,0,8,2,19,11,14, 1541,51973
Manhattan,Manhattan Valley,40.7973070417,-73.9642861774,3726,4140,4554,5,1,5,2,34,10,11, 4422,25875
Manhattan,Manhattanville,40.8169344295,-73.9573853935,2293,2532,3635,4,0,4,1,19,6,8, 4934,22183
Staten Island,Manor Heights,40.6018095763,-74.1205939972,1080,1200,1450,1,0,2,0,0,0,3, 375,8205
Brooklyn,Mapleton,40.619768,-73.980701,1431,1590,1750,4,0,5,2,5,0,5, 1390,19568
Manhattan,Marble Hill,40.8765507788,-73.9106596586,1260,1400,1825,8,2,8,1,19,15,6, 3070,11403
Brooklyn,Marine Park,40.6097477799,-73.9313440411,1485,1650,2100,3,0,8,1,18,10,2, 893,15651
Staten Island,Mariner's Harbor,40.6325463905,-74.1500853705,1080,1200,1450,3,0,5,1,4,0,0, 1099,11164
Queens,Maspeth,40.7254273741,-73.8962171363,2100,1750,2000,2,0,8,1,14,5,3, 842,43257
Bronx,Melrose,40.8197543706,-73.9094216076,1440,1600,2095,8,1,8,2,14,10,2, 8129,42651
Queens,Middle Village,40.7164145112,-73.881143192,1620,1800,2100,3,0,5,1,8,4,1, 619,34474
Staten Island,Midland Beach,40.5735269057,-74.093482663,1300,1490,1700,1,0,4,1,1,0,2, 282,14541
Manhattan,Midtown,40.7546911027,-73.9816688273,2200,3208,4600,5,3,4,5,30,45,38, 12139,19568
Manhattan,Midtown South,40.7485096643,-73.9887131329,1085,2500,2888,2,2,2,3,7,2,8, 12027,16607
Brooklyn,Midwood,40.6255958987,-73.9575952349,1500,1688,2000,4,0,4,2,1,2,5, 1340,52891
Brooklyn,Mill Basin,40.6159742396,-73.9151539155,1580,1755,1950,1,0,1,0,1,0,0, 1077,15651
Brooklyn,Mill Island,40.6063364217,-73.9081857178,1485,1650,2049,1,0,3,0,1,0,0, 129,48356
Manhattan,Morningside Heights,40.8079997382,-73.9638962791,1863,2343,2543,3,1,2,1,14,4,10, 3414,38865
Bronx,Morris Heights,40.8478979261,-73.9196715912,1600,1625,1900,5,2,5,1,27,7,7, 5332,27341
Bronx,Morris Park,40.8475490635,-73.8504017803,2300,1500,2050,2,1,1,1,6,2,0, 1405,25077
Bronx,Morrisania,40.8235919859,-73.9015064894,1521,1691,1879,3,1,3,1,0,3,2, 7406,37607
Bronx,Mott Haven,40.8062387494,-73.9160998749,1250,2100,2295,5,2,5,1,11,2,8, 4338,28859
Bronx,Mount Eden,40.8438261767,-73.9165555196,1313,1685,2000,1,0,1,0,0,0,0, 6942,49651
Bronx,Mount Hope,40.8488416072,-73.9082993088,2400,1575,1825,2,1,2,0,7,2,1, 7340,49099
Manhattan,Murray Hill,40.7483030773,-73.9783320792,2275,3350,4678,3,4,3,3,33,20,24, 8577,31760
Queens,Murray Hill,40.7641261226,-73.8127626914,3505,4492,5898,5,1,5,2,42,5,21, 1061,57387
Queens,Neponsit,40.5720367302,-73.8575467241,1530,1700,1870,2,0,2,0,5,0,0, 93,21202
Staten Island,New Brighton,40.6406145591,-74.0870165052,1440,1600,1800,1,0,2,0,1,0,2, 2052,10274
Staten Island,New Dorp,40.5725723182,-74.1164794361,1395,1550,1500,3,1,8,2,9,1,2, 786,14541
Staten Island,New Dorp Beach,40.5642554931,-74.1043270747,1350,1500,1750,1,0,3,0,3,0,2, 531,14541
Brooklyn,New Lots,40.6627442797,-73.8851177638,1850,1750,1995,4,0,4,1,0,0,1, 4182,40016
Staten Island,New Springville,40.5942523792,-74.1649603133,1300,1450,1850,2,0,3,1,3,0,0, 381,10717
Manhattan,Noho,40.7232590189,-73.9884336802,2487,3200,7248,0,0,0,0,1,0,0, 9915,5532
Manhattan,NoLiTa,40.722386,-73.995149,2970,3025,3500,1,0,0,0,0,0,0, 9255,4843
Manhattan,NoMad,40.744109,-73.986659,1600,1975,2300,0,0,0,1,0,0,0, 10476,20015
Queens,North Corona,40.754070999,-73.8575179068,1200,4750,7150,2,0,3,1,13,2,1, 2820,43434
Bronx,North Riverdale,40.9085428295,-73.9045305491,1525,1975,2500,4,0,8,1,11,3,3, 334,23963
Brooklyn,North Side,40.7148229065,-73.9588085759,3244,3605,3965,3,0,3,1,19,4,27, 3122,61391
Bronx,Norwood,40.877224156,-73.8793907396,1700,1635,1895,8,3,8,2,15,12,9, 3401,43466
Queens,Oakland Gardens,40.7456185714,-73.7549497623,1440,1600,2000,3,0,8,1,2,2,1, 520,25249
Staten Island,Oakwood,40.5584622433,-74.1215659377,1255,1395,1725,1,0,2,0,1,1,1, 327,11194
Brooklyn,Ocean Hill,40.6784025548,-73.9130683179,2050,1800,2100,5,0,5,1,13,5,7, 4995,32625
Brooklyn,Ocean Parkway,40.6130597667,-73.9683667804,1620,1800,2200,4,0,3,1,9,2,8, 1347,44840
Staten Island,Old Town,40.5963289138,-74.0875111801,1350,1500,1750,1,0,3,1,4,1,2, 657,8589
Bronx,Olinville,40.8713707819,-73.8633236165,1001,1090,1250,3,0,4,1,9,3,1, 3329,30673
Queens,Ozone Park,40.6807084683,-73.8432026617,2100,1600,2100,4,0,5,1,28,4,7, 1960,23518
Brooklyn,Paerdegat Basin,40.6313175504,-73.902334743,1485,1650,2049,1,0,3,0,0,0,0, 1092,22191
Staten Island,Park Hill,40.6091904443,-74.0801573494,1350,1500,1750,1,0,3,0,2,0,0, 1173,8503
Brooklyn,Park Slope,40.6723205227,-73.9770503018,2500,2475,2700,4,1,4,1,18,2,10, 1956,57405
Manhattan,Park/Fifth Ave. to 79th St.,40.773673,-73.955823,1150,1600,1889,0,0,1,0,0,0,0, 4340,8239
Bronx,Parkchester,40.8379378223,-73.8560031054,3431,3628,9738,8,0,5,2,23,5,8, 3166,33602
Bronx,Pelham Bay,40.8506414094,-73.8320737824,1700,1650,1950,1,0,1,1,0,2,1, 922,9820
Bronx,Pelham Gardens,40.8629656248,-73.8416119483,1215,1350,1485,1,0,2,0,0,0,0, 1314,29402
Bronx,Pelham Parkway,40.8574134981,-73.8547556402,1916,1899,2150,5,2,5,1,3,6,6, 1642,32425
Staten Island,Pleasant Plains,40.5246993761,-74.2198310662,1350,1500,1750,1,0,3,1,2,0,1, 133,6704
Queens,Pomonok,40.7349361808,-73.8048612004,1530,1700,2100,4,0,3,1,3,8,1, 1396,17834
Staten Island,Port Ivory,40.6396829785,-74.1746453299,1350,1500,1750,1,0,1,0,0,0,0, 355,3918
Bronx,Port Morris,40.8016636278,-73.9132213939,1548,1720,1892,1,0,4,0,0,1,0, 1791,28859
Staten Island,Port Richmond,40.6336693055,-74.129434268,1350,1500,1750,3,0,8,1,20,2,5, 1411,22609
Staten Island,Prince's Bay,40.5262640673,-74.2015255646,1250,1400,1650,1,0,2,1,0,0,0, 138,10133
Brooklyn,Prospect Heights,40.6768222623,-73.9648592426,1850,2375,2700,8,2,8,2,49,4,32, 2625,23515
Brooklyn,Prospect Lefferts Gardens,40.6584200175,-73.9548986708,1594,1675,2328,5,4,8,1,40,6,27, 4351,24756
Brooklyn,Prospect Park South,40.6470086032,-73.9626131672,1699,2300,4650,5,0,2,1,5,0,0, 3886,18518
Queens,Queens Village,40.7188930922,-73.7387148458,2750,1650,2000,3,0,8,1,7,4,3, 1235,54345
Queens,Queensboro Hill,40.7445723093,-73.8258091511,1800,2000,2200,4,2,8,1,5,7,3, 815,23638
Queens,Queensbridge,40.7560912971,-73.9456307033,2520,2800,3080,3,2,2,1,3,1,2, 2414,16477
Staten Island,Randall Manor,40.6356300068,-74.0980506237,1350,1500,1750,1,0,2,0,1,0,0, 582,10239
Queens,Ravenswood,40.7617045261,-73.9315750607,2520,2800,3080,4,0,4,2,43,8,20, 2921,16477
Brooklyn,Red Hook,40.6762532303,-74.0127589747,1673,2000,2400,3,0,5,1,22,0,4, 865,14791
Queens,Rego Park,40.7289740948,-73.8578268691,1675,1850,2300,5,0,4,2,5,3,3, 2145,30741
Brooklyn,Remsen Village,40.6521174518,-73.9166533198,1811,1695,1980,3,1,5,1,3,1,2, 2877,19557
Queens,Richmond Hill,40.6979473147,-73.8318332145,1675,1650,2100,2,0,4,1,21,3,1, 1864,34100
Staten Island,Richmond Town,40.5696059428,-74.1340572986,1350,1500,1750,1,0,2,1,0,0,1, 239,11194
Staten Island,Richmond Valley,40.5195414575,-74.2295708063,1350,1500,1750,1,0,3,1,5,0,0, 116,34058
Queens,Ridgewood,40.7083231561,-73.9014351756,1375,1800,2000,4,1,8,2,50,14,27, 2254,66402
Bronx,Riverdale,40.8908344939,-73.9125854611,1800,1850,2600,2,0,4,1,4,0,1, 574,47927
Manhattan,Riverside Dr./West End Ave.,40.836572,-73.948488,1864,2731,4772,5,5,5,1,10,7,14, 3511,47212
Queens,Rochdale,40.6752113959,-73.7725878762,1740,1930,2148,3,0,8,1,10,6,1, 2179,16441
Queens,Rockaway Beach,40.5828016968,-73.8223612109,2839,1700,2000,3,0,8,1,16,2,3, 722,13789
Queens,Rockaway Park,40.5803429565,-73.8415337023,1530,1700,1870,1,1,4,1,8,0,3, 392,6033
Manhattan,Roosevelt Island,40.7621596058,-73.9491676923,1570,2825,4478,4,4,4,1,20,3,5, 2038,28509
Staten Island,Rosebank,40.6153049465,-74.0698052672,1400,1550,1850,2,0,5,1,7,0,3, 570,8503
Queens,Rosedale,40.6598164334,-73.7352607943,2092,2325,1800,1,0,5,1,5,3,0, 738,27101
Staten Island,Rossville,40.5494040065,-74.2157285111,1250,1400,1650,1,0,3,1,7,0,1, 214,15341
Queens,Roxbury,40.5673758896,-73.8921376023,800,900,1400,1,0,1,0,2,0,0, 12,2247
Brooklyn,Rugby,40.6555723133,-73.9268821262,1800,2350,1580,5,1,0,1,8,2,0, 3630,21381
Staten Island,Sandy Ground,40.5411399221,-74.2177663607,1350,1500,1750,0,0,0,0,0,0,0, 273,782
Bronx,Schuylerville,40.8265795169,-73.8262027599,1548,1720,1892,4,0,5,1,17,5,3, 1512,24085
Brooklyn,Sea Gate,40.5763753789,-74.007873112,1485,1650,1800,1,0,2,0,0,1,0, 917,24758
Brooklyn,Sheepshead Bay,40.5868901268,-73.9431864048,2400,1665,2200,8,0,8,2,22,5,14, 1144,23028
Staten Island,Shore Acres,40.6097193408,-74.0666776606,1755,1950,2629,0,0,1,0,0,0,0, 458,8503
Staten Island,Silver Lake,40.6191931079,-74.0962902924,1700,1890,2100,3,0,2,1,1,0,1, 305,12337
Manhattan,Soho,40.7221838413,-74.0006566696,1998,2895,3850,1,0,1,0,0,0,0, 6777,7762
Queens,Somerville,40.5977106157,-73.7966475084,3070,3110,3421,0,0,0,0,0,0,0, 858,13113
Bronx,Soundview,40.8210121979,-73.8657460955,1548,1720,1892,5,1,8,1,2,1,2, 3227,92990
Staten Island,South Beach,40.5802474135,-74.0795529254,1460,1620,1800,1,1,1,1,0,0,0, 86,9064
Queens,South Jamaica,40.6969112538,-73.7904261314,1700,1890,2100,3,0,4,1,0,2,0, 2039,44401
Queens,South Ozone Park,40.6685495777,-73.8098647865,1490,1653,1950,3,0,8,1,8,1,1, 988,79540
Brooklyn,South Side,40.7108614727,-73.9580009515,3244,3605,3965,1,0,1,0,3,0,0, 3423,64728
Brooklyn,South Slope - Greenwood Heights,40.660932,-73.987796,1920,1798,2224,2,0,1,0,12,0,2, 1505,11811
Queens,Springfield Gardens,40.6662304904,-73.7604209268,1845,2050,2255,3,1,3,0,0,3,0, 1048,39545
Bronx,Spuyten Duyvil,40.8813949773,-73.9171904821,1548,1720,1892,3,1,3,0,2,2,0, 1100,23963
Queens,St. Albans,40.6944453852,-73.7586760373,1305,1450,2300,3,0,8,1,5,2,2, 987,51816
Staten Island,St. George,40.644981571,-74.0793531251,1838,1700,2298,3,1,8,1,7,0,3, 1670,10274
Staten Island,Stapleton,40.6269276254,-74.0779019266,3650,1945,3200,3,7,5,1,22,0,4, 1275,6342
Brooklyn,Starrett City,40.6475890523,-73.8793697005,1850,1750,1995,2,0,3,1,1,4,1, 1091,17038
Queens,Steinway,40.7759230156,-73.9022896039,2275,2500,3300,3,0,4,1,31,2,3, 1054,25112
Manhattan,Stuyvesant Town,40.7309995548,-73.9740517047,5900,3606,4100,4,0,4,1,28,0,13, 3169,22512
Queens,Sunnyside,40.7401762835,-73.9269161756,1910,2125,2330,4,0,5,1,30,8,10, 1614,52278
Staten Island,Sunnyside,40.6127601576,-74.0971255218,1350,1500,1750,2,1,2,0,1,1,0, 386,38280
Queens,Sunnyside Gardens,40.7456518061,-73.9181928643,2895,3295,3350,2,0,2,1,15,0,5, 2001,7031
Brooklyn,Sunset Park,40.6451029493,-74.0103161853,2423,1725,1900,8,2,8,3,24,6,21, 3300,79113
Manhattan,Sutton Place,40.7602803313,-73.9635561409,3279,3300,4850,3,2,4,5,33,18,31, 4390,31130
Manhattan,Theater District,40.759043,-73.984464,3195,4406,6303,1,0,1,1,3,2,7, 10759,17497
Bronx,Throgs Neck,40.815109258,-73.8163500216,2538,1750,1950,2,0,4,1,5,2,0, 571,24085
Staten Island,Todt Hill,40.5970685181,-74.111328818,1350,1500,1750,1,0,0,0,1,0,0, 80,8205
Staten Island,Tompkinsville,40.6373160671,-74.0805535179,1700,1888,2800,0,0,1,0,0,0,0, 1915,6342
Staten Island,Tottenville,40.5053337612,-74.2465693424,1250,1400,1650,1,0,3,1,3,0,0, 392,8044
Staten Island,Travis,40.586313751,-74.1907371754,1460,1620,1800,1,0,2,0,3,0,2, 96,10717
Manhattan,Tribeca,40.7215219674,-74.0106832856,1650,3800,5625,5,0,4,4,38,6,37, 3956,12695
Manhattan,Tudor City,40.7469174107,-73.9712192872,3145,3495,3844,1,2,3,2,13,0,3, 3896,15846
Manhattan,Turtle Bay,40.7520423695,-73.9677082458,1789,2744,4106,3,0,2,2,16,0,16, 3347,14827
Manhattan,Two Bridges,40.711727,-73.992555,1450,1827,3203,1,0,2,2,10,0,7, 5842,19674
Bronx,Unionport,40.8297742979,-73.8505352445,1300,1600,1775,2,0,3,0,1,2,1, 2420,34584
Bronx,University Heights,40.8557270772,-73.9104159619,1898,1650,1995,8,1,8,2,20,7,7, 6343,50610
Manhattan,Upper East Side,40.7756385733,-73.9605076314,1975,2395,3295,8,3,8,8,50,25,45, 3808,130246
Manhattan,Upper West Side,40.7876579985,-73.9770592363,1400,2750,4350,8,0,8,3,50,14,36, 3337,60567
Queens,Utopia,40.7335002543,-73.7967167803,1530,1700,2100,3,1,3,1,2,5,1, 620,5069
Bronx,Van Cortlandt Village,40.883644,-73.894275,2700,1500,1983,1,0,1,0,1,0,0, 1758,17888
Bronx,Van Nest,40.8436084712,-73.8662991808,1687,1875,2200,2,1,4,1,10,4,2, 2453,15245
Brooklyn,Vinegar Hill,40.7033214988,-73.9811160359,1475,2400,4500,3,0,2,0,13,0,1, 1734,63378
Bronx,Wakefield,40.8947051766,-73.8472005205,1650,1600,1800,3,0,8,1,12,3,2, 2675,47657
Manhattan,Washington Heights,40.8519025256,-73.9369002799,1937,1775,2163,8,1,8,2,32,8,15, 4464,143879
Brooklyn,Weeksville,40.675039865,-73.9305310882,1600,1780,2250,4,1,3,1,4,0,5, 5263,45364
Staten Island,West Brighton,40.6318789265,-74.1071817827,1460,1620,1800,3,2,8,2,14,2,5, 681,12337
Bronx,West Farms,40.8394750567,-73.8777447491,1350,1500,1700,3,0,3,0,2,6,3, 4474,22147
Manhattan,West Village,40.7344339357,-74.0061799813,1100,3310,4995,2,0,2,1,16,1,16, 4905,35011
Bronx,Westchester Square,40.8406194964,-73.842194076,2491,1700,1725,3,3,4,1,13,0,5, 1493,17376
Staten Island,Westerleigh,40.6210904728,-74.1330414395,1125,1250,1800,1,0,3,1,4,1,0, 515,15729
Queens,Whitestone,40.781290766,-73.8142021661,1800,1999,2150,3,0,8,2,7,5,4, 450,28408
Bronx,Williamsbridge,40.8810388782,-73.8574464297,1530,1700,2100,5,1,8,1,8,4,1, 3706,30673
Brooklyn,Williamsburg,40.7071443934,-73.9581152922,1900,2500,2584,8,1,8,3,50,9,26, 2999,64444
Staten Island,Willowbrook,40.6037069263,-74.1320844748,1080,1200,1550,2,0,3,0,0,0,2, 348,10717
Brooklyn,Windsor Terrace,40.6569458358,-73.9800734043,1627,2196,2952,5,0,5,0,13,2,10, 702,11811
Brooklyn,Wingate,40.6609465619,-73.9371868056,1440,1600,1760,4,0,5,1,6,1,3, 3793,24756
Queens,Woodhaven,40.6898868792,-73.8581104655,1550,1555,1925,4,1,8,1,19,4,6, 1781,41948
Bronx,Woodlawn,40.8982726121,-73.8673149681,1530,1700,2100,1,1,5,1,32,3,1, 1023,15716
Staten Island,Woodrow,40.5419676229,-74.2052458248,1250,1400,1650,1,0,2,1,1,0,0, 262,10133
Queens,Woodside,40.7463490886,-73.9018416684,1700,1700,2173,8,0,8,2,50,5,22, 2558,53188
Bronx,Woodstock,40.817445,73.903243,1580,1755,1950,1,0,1,0,0,0,0, 6120,10729
Manhattan,Yorkville,40.7759298499,-73.9471178447,1772,2270,3344,5,2,2,2,15,5,10, 3796,42023
